Kingdom,UUU,UUC
arc,0.018051666666666664,0.021663730158730157
bct,0.019037081192189106,0.019346680369989724
inv,0.03628063197026022,0.0213567063197026
mam,0.023182499999999998,0.037199755244755245
phg,0.021864272727272725,0.017826318181818183
plm,0.01586111111111111,0.020598333333333333
pln,0.029365037653587,0.023261993658343243
pri,0.022756555555555558,0.03166566666666667
rod,0.025919581395348838,0.038949674418604655
vrl,0.02377539385376192,0.0184592302259887
vrt,0.02273141068849302,0.03217852190659605
